county,raw_case_sum,clean_case_sum,raw_death_sum,clean_death_sum,case_correction_amount,death_correction_amount,case_cleaning_delta,death_cleaning_delta
Anderson,11282.0,14093.0,256.0,257.0,2811.0,1.0,2811.0,1.0
Andrews,4476.0,5339.0,74.0,74.0,863.0,0.0,863.0,0.0
Angelina,13509.0,18146.0,506.0,508.0,4637.0,2.0,4637.0,2.0
Aransas,5733.0,5759.0,102.0,102.0,26.0,0.0,26.0,0.0
Archer,2621.0,2651.0,34.0,34.0,30.0,0.0,30.0,0.0
Armstrong,648.0,710.0,11.0,11.0,62.0,0.0,62.0,0.0
Atascosa,15355.0,16422.0,253.0,253.0,1067.0,0.0,1067.0,0.0
Austin,7181.0,7218.0,85.0,87.0,37.0,2.0,37.0,2.0
Bailey,1726.0,1795.0,39.0,39.0,69.0,0.0,69.0,0.0
Bandera,4195.0,4361.0,81.0,81.0,166.0,0.0,166.0,0.0
Bastrop,26056.0,27523.0,255.0,256.0,1467.0,1.0,1467.0,1.0
Baylor,904.0,959.0,33.0,33.0,55.0,0.0,55.0,0.0
Bee,10416.0,10938.0,156.0,160.0,522.0,4.0,522.0,4.0
Bell,89469.0,89836.0,946.0,954.0,367.0,8.0,367.0,8.0
Bexar,703565.0,703660.0,6524.0,6534.0,95.0,10.0,95.0,10.0
Blanco,3264.0,3338.0,36.0,36.0,74.0,0.0,74.0,0.0
Borden,115.0,125.0,2.0,2.0,10.0,0.0,10.0,0.0
Bosque,4637.0,4897.0,76.0,76.0,260.0,0.0,260.0,0.0
Bowie,23997.0,24848.0,456.0,463.0,851.0,7.0,851.0,7.0
Brazoria,118984.0,119263.0,1040.0,1043.0,279.0,3.0,279.0,3.0
Brazos,77763.0,77763.0,438.0,439.0,0.0,1.0,0.0,1.0
Brewster,1518.0,1901.0,35.0,35.0,383.0,0.0,383.0,0.0
Briscoe,565.0,589.0,8.0,8.0,24.0,0.0,24.0,0.0
Brooks,2187.0,2245.0,57.0,57.0,58.0,0.0,58.0,0.0
Brown,15880.0,15948.0,238.0,262.0,68.0,24.0,68.0,24.0
Burleson,5653.0,6148.0,70.0,70.0,495.0,0.0,495.0,0.0
Burnet,13214.0,13682.0,183.0,189.0,468.0,6.0,468.0,6.0
Caldwell,17103.0,17857.0,186.0,186.0,754.0,0.0,754.0,0.0
Calhoun,7001.0,7135.0,54.0,55.0,134.0,1.0,134.0,1.0
Callahan,3528.0,3551.0,81.0,81.0,23.0,0.0,23.0,0.0
Cameron,131083.0,135858.0,2122.0,2128.0,4775.0,6.0,4775.0,6.0
Camp,3561.0,3625.0,78.0,78.0,64.0,0.0,64.0,0.0
Carson,1546.0,1769.0,38.0,38.0,223.0,0.0,223.0,0.0
Cass,8917.0,8995.0,209.0,214.0,78.0,5.0,78.0,5.0
Castro,2710.0,2831.0,49.0,49.0,121.0,0.0,121.0,0.0
Chambers,13157.0,15187.0,141.0,149.0,2030.0,8.0,2030.0,8.0
Cherokee,9178.0,10673.0,284.0,284.0,1495.0,0.0,1495.0,0.0
Childress,3191.0,3396.0,35.0,35.0,205.0,0.0,205.0,0.0
Clay,2498.0,2553.0,47.0,51.0,55.0,4.0,55.0,4.0
Cochran,984.0,1051.0,25.0,25.0,67.0,0.0,67.0,0.0
Coke,1120.0,1308.0,21.0,21.0,188.0,0.0,188.0,0.0
Coleman,2034.0,2098.0,77.0,77.0,64.0,0.0,64.0,0.0
Collin,279673.0,281430.0,1647.0,1665.0,1757.0,18.0,1757.0,18.0
Collingsworth,892.0,907.0,20.0,20.0,15.0,0.0,15.0,0.0
Colorado,4609.0,4663.0,68.0,68.0,54.0,0.0,54.0,0.0
Comal,46706.0,46706.0,583.0,584.0,0.0,1.0,0.0,1.0
Comanche,4160.0,4171.0,86.0,86.0,11.0,0.0,11.0,0.0
Concho,1332.0,1508.0,14.0,15.0,176.0,1.0,176.0,1.0
Cooke,8396.0,8590.0,161.0,162.0,194.0,1.0,194.0,1.0
Coryell,21364.0,22619.0,235.0,235.0,1255.0,0.0,1255.0,0.0
Cottle,393.0,395.0,9.0,9.0,2.0,0.0,2.0,0.0
Crane,1669.0,2032.0,25.0,33.0,363.0,8.0,363.0,8.0
Crockett,1533.0,1789.0,21.0,23.0,256.0,2.0,256.0,2.0
Crosby,2078.0,2346.0,47.0,49.0,268.0,2.0,268.0,2.0
Culberson,578.0,661.0,15.0,15.0,83.0,0.0,83.0,0.0
Dallam,2066.0,2613.0,44.0,82.0,547.0,38.0,547.0,38.0
Dallas,692238.0,715886.0,7146.0,7148.0,23648.0,2.0,23648.0,2.0
Dawson,3425.0,3931.0,102.0,102.0,506.0,0.0,506.0,0.0
DeWitt,5160.0,7415.0,118.0,121.0,2255.0,3.0,2255.0,3.0
Deaf Smith,6232.0,6378.0,121.0,131.0,146.0,10.0,146.0,10.0
Delta,9914.0,9917.0,27.0,28.0,3.0,1.0,3.0,1.0
Denton,268791.0,270566.0,1463.0,1481.0,1775.0,18.0,1775.0,18.0
Dickens,503.0,542.0,16.0,16.0,39.0,0.0,39.0,0.0
Dimmit,6234.0,6362.0,52.0,53.0,128.0,1.0,128.0,1.0
Donley,1276.0,1355.0,27.0,27.0,79.0,0.0,79.0,0.0
Duval,4442.0,4563.0,74.0,74.0,121.0,0.0,121.0,0.0
Eastland,3403.0,3455.0,120.0,120.0,52.0,0.0,52.0,0.0
Ector,46053.0,46069.0,735.0,757.0,16.0,22.0,16.0,22.0
Edwards,558.0,592.0,12.0,12.0,34.0,0.0,34.0,0.0
El Paso,244007.0,275059.0,3901.0,3911.0,31052.0,10.0,31052.0,10.0
Ellis,57698.0,58212.0,618.0,620.0,514.0,2.0,514.0,2.0
Erath,9899.0,10237.0,139.0,140.0,338.0,1.0,338.0,1.0
Falls,4333.0,4717.0,76.0,76.0,384.0,0.0,384.0,0.0
Fannin,8187.0,8362.0,206.0,209.0,175.0,3.0,175.0,3.0
Fayette,5304.0,5521.0,119.0,120.0,217.0,1.0,217.0,1.0
Fisher,705.0,767.0,34.0,34.0,62.0,0.0,62.0,0.0
Floyd,2189.0,2394.0,50.0,52.0,205.0,2.0,205.0,2.0
Foard,236.0,275.0,12.0,12.0,39.0,0.0,39.0,0.0
Fort Bend,254368.0,254368.0,1351.0,1351.0,0.0,0.0,0.0,0.0
Franklin,2651.0,2689.0,46.0,46.0,38.0,0.0,38.0,0.0
Freestone,4085.0,4521.0,89.0,89.0,436.0,0.0,436.0,0.0
Frio,7958.0,8238.0,95.0,95.0,280.0,0.0,280.0,0.0
Gaines,1724.0,3185.0,88.0,88.0,1461.0,0.0,1461.0,0.0
Galveston,115928.0,121277.0,904.0,904.0,5349.0,0.0,5349.0,0.0
Garza,1341.0,1530.0,31.0,32.0,189.0,1.0,189.0,1.0
Gillespie,6201.0,6356.0,120.0,125.0,155.0,5.0,155.0,5.0
Glasscock,245.0,339.0,3.0,3.0,94.0,0.0,94.0,0.0
Goliad,1757.0,1815.0,34.0,34.0,58.0,0.0,58.0,0.0
Gonzales,5251.0,5435.0,106.0,107.0,184.0,1.0,184.0,1.0
Gray,6747.0,7331.0,135.0,140.0,584.0,5.0,584.0,5.0
Grayson,32154.0,32154.0,686.0,697.0,0.0,11.0,0.0,11.0
Gregg,22478.0,29003.0,726.0,736.0,6525.0,10.0,6525.0,10.0
Grimes,9522.0,10430.0,129.0,130.0,908.0,1.0,908.0,1.0
Guadalupe,44818.0,46086.0,449.0,450.0,1268.0,1.0,1268.0,1.0
Hale,7277.0,11948.0,251.0,256.0,4671.0,5.0,4671.0,5.0
Hall,1220.0,1323.0,24.0,25.0,103.0,1.0,103.0,1.0
Hamilton,2058.0,2122.0,36.0,38.0,64.0,2.0,64.0,2.0
Hansford,2245.0,2424.0,32.0,35.0,179.0,3.0,179.0,3.0
Hardeman,641.0,655.0,21.0,21.0,14.0,0.0,14.0,0.0
Hardin,15253.0,16169.0,261.0,266.0,916.0,5.0,916.0,5.0
Harris,1312740.0,1313861.0,11642.0,11645.0,1121.0,3.0,1121.0,3.0
Harrison,15628.0,15904.0,300.0,315.0,276.0,15.0,276.0,15.0
Hartley,1285.0,1559.0,20.0,20.0,274.0,0.0,274.0,0.0
Haskell,1127.0,1148.0,40.0,40.0,21.0,0.0,21.0,0.0
Hays,78957.0,79227.0,571.0,574.0,270.0,3.0,270.0,3.0
Hemphill,1418.0,1497.0,9.0,9.0,79.0,0.0,79.0,0.0
Henderson,17715.0,19584.0,472.0,475.0,1869.0,3.0,1869.0,3.0
Hidalgo,266448.0,269436.0,4032.0,4032.0,2988.0,0.0,2988.0,0.0
Hill,9434.0,10256.0,205.0,206.0,822.0,1.0,822.0,1.0
Hockley,8761.0,9476.0,172.0,173.0,715.0,1.0,715.0,1.0
Hood,14840.0,15144.0,302.0,302.0,304.0,0.0,304.0,0.0
Hopkins,8626.0,9473.0,193.0,203.0,847.0,10.0,847.0,10.0
Houston,4888.0,5531.0,124.0,125.0,643.0,1.0,643.0,1.0
Howard,8326.0,9178.0,193.0,193.0,852.0,0.0,852.0,0.0
Hudspeth,1363.0,1537.0,18.0,18.0,174.0,0.0,174.0,0.0
Hunt,20165.0,20469.0,393.0,395.0,304.0,2.0,304.0,2.0
Hutchinson,6778.0,7716.0,151.0,154.0,938.0,3.0,938.0,3.0
Irion,623.0,649.0,3.0,3.0,26.0,0.0,26.0,0.0
Jack,1692.0,1752.0,32.0,32.0,60.0,0.0,60.0,0.0
Jackson,3883.0,4058.0,63.0,63.0,175.0,0.0,175.0,0.0
Jasper,9336.0,10113.0,210.0,211.0,777.0,1.0,777.0,1.0
Jeff Davis,277.0,311.0,10.0,10.0,34.0,0.0,34.0,0.0
Jefferson,64927.0,65828.0,880.0,882.0,901.0,2.0,901.0,2.0
Jim Hogg,3772.0,3821.0,23.0,23.0,49.0,0.0,49.0,0.0
Jim Wells,14542.0,14685.0,225.0,229.0,143.0,4.0,143.0,4.0
Johnson,52640.0,52919.0,786.0,790.0,279.0,4.0,279.0,4.0
Jones,6161.0,7114.0,119.0,120.0,953.0,1.0,953.0,1.0
Karnes,6523.0,6753.0,75.0,75.0,230.0,0.0,230.0,0.0
Kaufman,42190.0,42805.0,560.0,566.0,615.0,6.0,615.0,6.0
Kendall,9930.0,10036.0,134.0,137.0,106.0,3.0,106.0,3.0
Kenedy,103.0,106.0,2.0,2.0,3.0,0.0,3.0,0.0
Kent,224.0,224.0,4.0,4.0,0.0,0.0,0.0,0.0
Kerr,10708.0,11162.0,204.0,204.0,454.0,0.0,454.0,0.0
Kimble,991.0,1034.0,16.0,16.0,43.0,0.0,43.0,0.0
King,59.0,63.0,0.0,0.0,4.0,0.0,4.0,0.0
Kinney,773.0,843.0,14.0,14.0,70.0,0.0,70.0,0.0
Kleberg,9578.0,9681.0,155.0,158.0,103.0,3.0,103.0,3.0
Knox,625.0,729.0,25.0,26.0,104.0,1.0,104.0,1.0
La Salle,2530.0,2814.0,53.0,53.0,284.0,0.0,284.0,0.0
Lamar,15253.0,16132.0,281.0,286.0,879.0,5.0,879.0,5.0
Lamb,4706.0,5269.0,127.0,130.0,563.0,3.0,563.0,3.0
Lampasas,5924.0,6426.0,96.0,97.0,502.0,1.0,502.0,1.0
Lavaca,5027.0,5114.0,124.0,124.0,87.0,0.0,87.0,0.0
Lee,5160.0,5280.0,64.0,69.0,120.0,5.0,120.0,5.0
Leon,3925.0,4337.0,95.0,96.0,412.0,1.0,412.0,1.0
Liberty,23195.0,23486.0,419.0,421.0,291.0,2.0,291.0,2.0
Limestone,5753.0,6150.0,137.0,138.0,397.0,1.0,397.0,1.0
Lipscomb,770.0,818.0,19.0,23.0,48.0,4.0,48.0,4.0
Live Oak,2381.0,2469.0,52.0,52.0,88.0,0.0,88.0,0.0
Llano,4920.0,5141.0,104.0,104.0,221.0,0.0,221.0,0.0
Loving,409.0,410.0,1.0,1.0,1.0,0.0,1.0,0.0
Lubbock,113513.0,117695.0,1399.0,1404.0,4182.0,5.0,4182.0,5.0
Lynn,1693.0,1710.0,41.0,42.0,17.0,1.0,17.0,1.0
Madison,3931.0,4602.0,66.0,66.0,671.0,0.0,671.0,0.0
Marion,2050.0,2055.0,68.0,69.0,5.0,1.0,5.0,1.0
Martin,1400.0,1528.0,26.0,26.0,128.0,0.0,128.0,0.0
Mason,1110.0,1197.0,13.0,13.0,87.0,0.0,87.0,0.0
Matagorda,10548.0,10594.0,184.0,184.0,46.0,0.0,46.0,0.0
Maverick,25380.0,26492.0,480.0,480.0,1112.0,0.0,1112.0,0.0
McCulloch,1999.0,2184.0,51.0,51.0,185.0,0.0,185.0,0.0
McLennan,73762.0,78520.0,972.0,973.0,4758.0,1.0,4758.0,1.0
McMullen,195.0,196.0,11.0,11.0,1.0,0.0,1.0,0.0
Medina,12425.0,13074.0,215.0,218.0,649.0,3.0,649.0,3.0
Menard,661.0,686.0,13.0,13.0,25.0,0.0,25.0,0.0
Midland,48288.0,48315.0,526.0,529.0,27.0,3.0,27.0,3.0
Milam,6207.0,6499.0,109.0,111.0,292.0,2.0,292.0,2.0
Mills,1509.0,1658.0,41.0,41.0,149.0,0.0,149.0,0.0
Mitchell,2146.0,2146.0,52.0,52.0,0.0,0.0,0.0,0.0
Montague,5296.0,5417.0,136.0,136.0,121.0,0.0,121.0,0.0
Montgomery,171921.0,172457.0,1387.0,1395.0,536.0,8.0,536.0,8.0
Moore,5974.0,6465.0,116.0,118.0,491.0,2.0,491.0,2.0
Morris,2986.0,3048.0,76.0,76.0,62.0,0.0,62.0,0.0
Motley,295.0,327.0,14.0,14.0,32.0,0.0,32.0,0.0
Nacogdoches,14912.0,15013.0,280.0,284.0,101.0,4.0,101.0,4.0
Navarro,14863.0,14865.0,246.0,249.0,2.0,3.0,2.0,3.0
Newton,1991.0,2294.0,78.0,79.0,303.0,1.0,303.0,1.0
Nolan,2978.0,3684.0,108.0,108.0,706.0,0.0,706.0,0.0
Nueces,114638.0,114638.0,1606.0,1618.0,0.0,12.0,0.0,12.0
Ochiltree,2620.0,2769.0,55.0,57.0,149.0,2.0,149.0,2.0
Oldham,613.0,663.0,6.0,6.0,50.0,0.0,50.0,0.0
Orange,18493.0,20185.0,381.0,381.0,1692.0,0.0,1692.0,0.0
Palo Pinto,7953.0,8090.0,159.0,160.0,137.0,1.0,137.0,1.0
Panola,5750.0,5848.0,145.0,156.0,98.0,11.0,98.0,11.0
Parker,39911.0,40601.0,527.0,530.0,690.0,3.0,690.0,3.0
Parmer,2569.0,2713.0,54.0,56.0,144.0,2.0,144.0,2.0
Pecos,3658.0,4592.0,74.0,74.0,934.0,0.0,934.0,0.0
Polk,8454.0,9487.0,273.0,274.0,1033.0,1.0,1033.0,1.0
Potter,43651.0,43754.0,788.0,789.0,103.0,1.0,103.0,1.0
Presidio,1270.0,1458.0,43.0,43.0,188.0,0.0,188.0,0.0
Rains,2092.0,2606.0,68.0,69.0,514.0,1.0,514.0,1.0
Randall,47272.0,47404.0,551.0,553.0,132.0,2.0,132.0,2.0
Reagan,999.0,1131.0,16.0,19.0,132.0,3.0,132.0,3.0
Real,978.0,1044.0,29.0,29.0,66.0,0.0,66.0,0.0
Red River,2725.0,2807.0,74.0,75.0,82.0,1.0,82.0,1.0
Reeves,5894.0,6448.0,77.0,78.0,554.0,1.0,554.0,1.0
Refugio,2342.0,2365.0,41.0,45.0,23.0,4.0,23.0,4.0
Roberts,188.0,199.0,2.0,2.0,11.0,0.0,11.0,0.0
Robertson,4975.0,5402.0,83.0,88.0,427.0,5.0,427.0,5.0
Rockwall,31852.0,31878.0,286.0,291.0,26.0,5.0,26.0,5.0
Runnels,2669.0,2793.0,73.0,79.0,124.0,6.0,124.0,6.0
Rusk,12516.0,13113.0,281.0,287.0,597.0,6.0,597.0,6.0
Sabine,1671.0,1842.0,94.0,97.0,171.0,3.0,171.0,3.0
San Augustine,1166.0,1345.0,49.0,49.0,179.0,0.0,179.0,0.0
San Jacinto,6546.0,6775.0,130.0,133.0,229.0,3.0,229.0,3.0
San Patricio,16650.0,16789.0,365.0,368.0,139.0,3.0,139.0,3.0
San Saba,1522.0,1671.0,40.0,40.0,149.0,0.0,149.0,0.0
Schleicher,672.0,800.0,9.0,9.0,128.0,0.0,128.0,0.0
Scurry,5994.0,7620.0,108.0,108.0,1626.0,0.0,1626.0,0.0
Shackelford,1118.0,1142.0,14.0,14.0,24.0,0.0,24.0,0.0
Shelby,5373.0,5404.0,140.0,152.0,31.0,12.0,31.0,12.0
Sherman,432.0,543.0,20.0,20.0,111.0,0.0,111.0,0.0
Smith,49630.0,61352.0,1020.0,1023.0,11722.0,3.0,11722.0,3.0
Somervell,2211.0,2238.0,40.0,40.0,27.0,0.0,27.0,0.0
Starr,25372.0,25845.0,390.0,391.0,473.0,1.0,473.0,1.0
Stephens,2306.0,2472.0,56.0,61.0,166.0,5.0,166.0,5.0
Sterling,337.0,367.0,9.0,9.0,30.0,0.0,30.0,0.0
Stonewall,406.0,423.0,7.0,7.0,17.0,0.0,17.0,0.0
Sutton,992.0,1096.0,14.0,14.0,104.0,0.0,104.0,0.0
Swisher,2629.0,2735.0,34.0,34.0,106.0,0.0,106.0,0.0
Tarrant,689657.0,689657.0,6409.0,6409.0,0.0,0.0,0.0,0.0
Taylor,44550.0,44680.0,774.0,777.0,130.0,3.0,130.0,3.0
Terrell,154.0,187.0,3.0,3.0,33.0,0.0,33.0,0.0
Terry,2309.0,3708.0,87.0,88.0,1399.0,1.0,1399.0,1.0
Throckmorton,298.0,299.0,10.0,10.0,1.0,0.0,1.0,0.0
Titus,10137.0,10410.0,147.0,148.0,273.0,1.0,273.0,1.0
Tom Green,42783.0,53974.0,489.0,582.0,11191.0,93.0,11191.0,93.0
Travis,321230.0,321230.0,1850.0,1852.0,0.0,2.0,0.0,2.0
Trinity,3268.0,3280.0,81.0,81.0,12.0,0.0,12.0,0.0
Tyler,5554.0,6117.0,96.0,101.0,563.0,5.0,563.0,5.0
Upshur,8940.0,9133.0,221.0,221.0,193.0,0.0,193.0,0.0
Upton,990.0,1122.0,19.0,19.0,132.0,0.0,132.0,0.0
Uvalde,11376.0,11565.0,152.0,156.0,189.0,4.0,189.0,4.0
Val Verde,15349.0,16676.0,313.0,323.0,1327.0,10.0,1327.0,10.0
Van Zandt,11480.0,13313.0,315.0,319.0,1833.0,4.0,1833.0,4.0
Victoria,25153.0,25153.0,429.0,430.0,0.0,1.0,0.0,1.0
Walker,24666.0,27270.0,227.0,234.0,2604.0,7.0,2604.0,7.0
Waller,11623.0,11850.0,128.0,132.0,227.0,4.0,227.0,4.0
Ward,3316.0,3461.0,50.0,52.0,145.0,2.0,145.0,2.0
Washington,10652.0,11042.0,166.0,167.0,390.0,1.0,390.0,1.0
Webb,107084.0,112084.0,1101.0,1101.0,5000.0,0.0,5000.0,0.0
Wharton,11923.0,12042.0,230.0,230.0,119.0,0.0,119.0,0.0
Wheeler,1292.0,1382.0,26.0,31.0,90.0,5.0,90.0,5.0
Wichita,41011.0,41423.0,754.0,758.0,412.0,4.0,412.0,4.0
Wilbarger,4170.0,4270.0,93.0,93.0,100.0,0.0,100.0,0.0
Willacy,9032.0,9158.0,137.0,137.0,126.0,0.0,126.0,0.0
Williamson,171079.0,171403.0,1032.0,1060.0,324.0,28.0,324.0,28.0
Wilson,12528.0,12954.0,175.0,175.0,426.0,0.0,426.0,0.0
Winkler,2208.0,2307.0,37.0,38.0,99.0,1.0,99.0,1.0
Wise,19547.0,19810.0,296.0,303.0,263.0,7.0,263.0,7.0
Wood,8342.0,10592.0,308.0,310.0,2250.0,2.0,2250.0,2.0
Yoakum,1261.0,2240.0,43.0,47.0,979.0,4.0,979.0,4.0
Young,4479.0,4542.0,103.0,103.0,63.0,0.0,63.0,0.0
Zapata,4410.0,4531.0,57.0,57.0,121.0,0.0,121.0,0.0
Zavala,4385.0,4565.0,70.0,74.0,180.0,4.0,180.0,4.0
