county,negative_case_days,negative_death_days,total_case_correction_amount,total_death_correction_amount
Anderson,107,1,2811.0,1.0
Andrews,2,0,863.0,0.0
Angelina,5,2,4637.0,2.0
Aransas,4,0,26.0,0.0
Archer,6,0,30.0,0.0
Armstrong,9,0,62.0,0.0
Atascosa,25,0,1067.0,0.0
Austin,17,1,37.0,2.0
Bailey,15,0,69.0,0.0
Bandera,11,0,166.0,0.0
Bastrop,10,1,1467.0,1.0
Baylor,9,0,55.0,0.0
Bee,82,4,522.0,4.0
Bell,2,7,367.0,8.0
Bexar,1,6,95.0,10.0
Blanco,11,0,74.0,0.0
Borden,3,0,10.0,0.0
Bosque,1,0,260.0,0.0
Bowie,22,7,851.0,7.0
Brazoria,11,3,279.0,3.0
Brazos,0,1,0.0,1.0
Brewster,34,0,383.0,0.0
Briscoe,7,0,24.0,0.0
Brooks,11,0,58.0,0.0
Brown,1,1,68.0,24.0
Burleson,10,0,495.0,0.0
Burnet,19,3,468.0,6.0
Caldwell,17,0,754.0,0.0
Calhoun,8,1,134.0,1.0
Callahan,5,0,23.0,0.0
Cameron,3,1,4775.0,6.0
Camp,17,0,64.0,0.0
Carson,10,0,223.0,0.0
Cass,9,2,78.0,5.0
Castro,14,0,121.0,0.0
Chambers,1,3,2030.0,8.0
Cherokee,5,0,1495.0,0.0
Childress,68,0,205.0,0.0
Clay,7,4,55.0,4.0
Cochran,7,0,67.0,0.0
Coke,27,0,188.0,0.0
Coleman,5,0,64.0,0.0
Collin,5,10,1757.0,18.0
Collingsworth,11,0,15.0,0.0
Colorado,16,0,54.0,0.0
Comal,0,1,0.0,1.0
Comanche,10,0,11.0,0.0
Concho,20,1,176.0,1.0
Cooke,6,1,194.0,1.0
Coryell,60,0,1255.0,0.0
Cottle,2,0,2.0,0.0
Crane,29,1,363.0,8.0
Crockett,25,1,256.0,2.0
Crosby,13,2,268.0,2.0
Culberson,19,0,83.0,0.0
Dallam,41,38,547.0,38.0
Dallas,3,2,23648.0,2.0
Dawson,2,0,506.0,0.0
DeWitt,63,1,2255.0,3.0
Deaf Smith,8,7,146.0,10.0
Delta,3,1,3.0,1.0
Denton,1,9,1775.0,18.0
Dickens,18,0,39.0,0.0
Dimmit,9,1,128.0,1.0
Donley,12,0,79.0,0.0
Duval,41,0,121.0,0.0
Eastland,6,0,52.0,0.0
Ector,2,2,16.0,22.0
Edwards,5,0,34.0,0.0
El Paso,2,8,31052.0,10.0
Ellis,13,2,514.0,2.0
Erath,9,1,338.0,1.0
Falls,54,0,384.0,0.0
Fannin,41,3,175.0,3.0
Fayette,10,1,217.0,1.0
Fisher,9,0,62.0,0.0
Floyd,11,2,205.0,2.0
Foard,3,0,39.0,0.0
Fort Bend,0,0,0.0,0.0
Franklin,11,0,38.0,0.0
Freestone,38,0,436.0,0.0
Frio,27,0,280.0,0.0
Gaines,3,0,1461.0,0.0
Galveston,2,0,5349.0,0.0
Garza,12,1,189.0,1.0
Gillespie,13,5,155.0,5.0
Glasscock,23,0,94.0,0.0
Goliad,7,0,58.0,0.0
Gonzales,11,1,184.0,1.0
Gray,37,5,584.0,5.0
Grayson,0,10,0.0,11.0
Gregg,3,9,6525.0,10.0
Grimes,45,1,908.0,1.0
Guadalupe,15,1,1268.0,1.0
Hale,2,2,4671.0,5.0
Hall,9,1,103.0,1.0
Hamilton,9,2,64.0,2.0
Hansford,14,3,179.0,3.0
Hardeman,3,0,14.0,0.0
Hardin,14,5,916.0,5.0
Harris,8,3,1121.0,3.0
Harrison,10,3,276.0,15.0
Hartley,39,0,274.0,0.0
Haskell,7,0,21.0,0.0
Hays,5,1,270.0,3.0
Hemphill,13,0,79.0,0.0
Henderson,2,3,1869.0,3.0
Hidalgo,2,0,2988.0,0.0
Hill,10,1,822.0,1.0
Hockley,11,1,715.0,1.0
Hood,10,0,304.0,0.0
Hopkins,15,10,847.0,10.0
Houston,43,1,643.0,1.0
Howard,24,0,852.0,0.0
Hudspeth,23,0,174.0,0.0
Hunt,3,2,304.0,2.0
Hutchinson,14,3,938.0,3.0
Irion,17,0,26.0,0.0
Jack,35,0,60.0,0.0
Jackson,13,0,175.0,0.0
Jasper,3,1,777.0,1.0
Jeff Davis,11,0,34.0,0.0
Jefferson,5,2,901.0,2.0
Jim Hogg,4,0,49.0,0.0
Jim Wells,3,4,143.0,4.0
Johnson,10,3,279.0,4.0
Jones,127,1,953.0,1.0
Karnes,45,0,230.0,0.0
Kaufman,4,6,615.0,6.0
Kendall,20,3,106.0,3.0
Kenedy,3,0,3.0,0.0
Kent,0,0,0.0,0.0
Kerr,9,0,454.0,0.0
Kimble,20,0,43.0,0.0
King,3,0,4.0,0.0
Kinney,7,0,70.0,0.0
Kleberg,6,3,103.0,3.0
Knox,9,1,104.0,1.0
La Salle,86,0,284.0,0.0
Lamar,10,5,879.0,5.0
Lamb,14,1,563.0,3.0
Lampasas,15,1,502.0,1.0
Lavaca,15,0,87.0,0.0
Lee,12,4,120.0,5.0
Leon,7,1,412.0,1.0
Liberty,38,1,291.0,2.0
Limestone,11,1,397.0,1.0
Lipscomb,5,4,48.0,4.0
Live Oak,3,0,88.0,0.0
Llano,6,0,221.0,0.0
Loving,1,0,1.0,0.0
Lubbock,2,4,4182.0,5.0
Lynn,3,1,17.0,1.0
Madison,62,0,671.0,0.0
Marion,5,1,5.0,1.0
Martin,27,0,128.0,0.0
Mason,23,0,87.0,0.0
Matagorda,8,0,46.0,0.0
Maverick,4,0,1112.0,0.0
McCulloch,20,0,185.0,0.0
McLennan,2,1,4758.0,1.0
McMullen,1,0,1.0,0.0
Medina,34,3,649.0,3.0
Menard,14,0,25.0,0.0
Midland,2,3,27.0,3.0
Milam,1,2,292.0,2.0
Mills,11,0,149.0,0.0
Mitchell,0,0,0.0,0.0
Montague,2,0,121.0,0.0
Montgomery,3,8,536.0,8.0
Moore,18,1,491.0,2.0
Morris,12,0,62.0,0.0
Motley,4,0,32.0,0.0
Nacogdoches,4,2,101.0,4.0
Navarro,1,3,2.0,3.0
Newton,4,1,303.0,1.0
Nolan,5,0,706.0,0.0
Nueces,0,2,0.0,12.0
Ochiltree,16,2,149.0,2.0
Oldham,10,0,50.0,0.0
Orange,17,0,1692.0,0.0
Palo Pinto,5,1,137.0,1.0
Panola,8,4,98.0,11.0
Parker,6,3,690.0,3.0
Parmer,18,2,144.0,2.0
Pecos,66,0,934.0,0.0
Polk,2,1,1033.0,1.0
Potter,2,1,103.0,1.0
Presidio,26,0,188.0,0.0
Rains,4,1,514.0,1.0
Randall,2,2,132.0,2.0
Reagan,25,2,132.0,3.0
Real,8,0,66.0,0.0
Red River,12,1,82.0,1.0
Reeves,32,1,554.0,1.0
Refugio,7,4,23.0,4.0
Roberts,5,0,11.0,0.0
Robertson,8,5,427.0,5.0
Rockwall,4,2,26.0,5.0
Runnels,10,5,124.0,6.0
Rusk,45,1,597.0,6.0
Sabine,2,3,171.0,3.0
San Augustine,2,0,179.0,0.0
San Jacinto,11,3,229.0,3.0
San Patricio,3,3,139.0,3.0
San Saba,57,0,149.0,0.0
Schleicher,21,0,128.0,0.0
Scurry,47,0,1626.0,0.0
Shackelford,12,0,24.0,0.0
Shelby,2,12,31.0,12.0
Sherman,7,0,111.0,0.0
Smith,4,3,11722.0,3.0
Somervell,7,0,27.0,0.0
Starr,6,1,473.0,1.0
Stephens,60,5,166.0,5.0
Sterling,10,0,30.0,0.0
Stonewall,3,0,17.0,0.0
Sutton,18,0,104.0,0.0
Swisher,21,0,106.0,0.0
Tarrant,0,0,0.0,0.0
Taylor,5,3,130.0,3.0
Terrell,16,0,33.0,0.0
Terry,5,1,1399.0,1.0
Throckmorton,1,0,1.0,0.0
Titus,13,1,273.0,1.0
Tom Green,4,2,11191.0,93.0
Travis,0,2,0.0,2.0
Trinity,6,0,12.0,0.0
Tyler,8,4,563.0,5.0
Upshur,12,0,193.0,0.0
Upton,28,0,132.0,0.0
Uvalde,4,3,189.0,4.0
Val Verde,3,1,1327.0,10.0
Van Zandt,4,2,1833.0,4.0
Victoria,0,1,0.0,1.0
Walker,95,4,2604.0,7.0
Waller,22,2,227.0,4.0
Ward,22,2,145.0,2.0
Washington,6,1,390.0,1.0
Webb,1,0,5000.0,0.0
Wharton,15,0,119.0,0.0
Wheeler,14,5,90.0,5.0
Wichita,1,4,412.0,4.0
Wilbarger,6,0,100.0,0.0
Willacy,13,0,126.0,0.0
Williamson,1,6,324.0,28.0
Wilson,14,0,426.0,0.0
Winkler,18,1,99.0,1.0
Wise,6,7,263.0,7.0
Wood,3,2,2250.0,2.0
Yoakum,7,4,979.0,4.0
Young,12,0,63.0,0.0
Zapata,4,0,121.0,0.0
Zavala,6,2,180.0,4.0
