county,extreme_days,total_days,max_new_cases,upper_iqr3,extreme_pct
Anderson,76,1087,1051.0,36.0,6.991720331186753
Andrews,104,1084,295.0,16.0,9.59409594095941
Angelina,107,1093,564.0,48.0,9.789569990850868
Aransas,38,1083,177.0,28.0,3.508771929824561
Archer,51,1043,70.0,12.0,4.88974113135187
Armstrong,22,1074,74.0,4.0,2.0484171322160147
Atascosa,71,1094,563.0,55.0,6.489945155393053
Austin,28,1094,160.0,33.0,2.5594149908592323
Bailey,41,1053,171.0,8.0,3.89363722697056
Bandera,48,1079,130.0,20.0,4.448563484708063
Bastrop,50,1098,2459.0,98.0,4.553734061930783
Baylor,45,1022,126.0,4.0,4.403131115459883
Bee,39,1080,718.0,48.0,3.6111111111111107
Bell,44,1106,3559.0,380.0,3.9783001808318263
Bexar,44,1136,13446.0,3037.75,3.873239436619718
Blanco,50,1094,237.0,12.0,4.570383912248629
Borden,69,912,18.0,0.0,7.565789473684211
Bosque,41,1073,423.0,20.0,3.8210624417520966
Bowie,34,1103,825.0,113.0,3.0825022665457844
Brazoria,35,1105,3866.0,555.0,3.167420814479638
Brazos,46,1102,2451.0,327.0,4.174228675136116
Brewster,38,1057,154.0,8.0,3.595080416272469
Briscoe,225,1056,62.0,0.0,21.306818181818183
Brooks,24,1066,97.0,12.0,2.25140712945591
Brown,131,1099,1108.0,32.0,11.91992720655141
Burleson,42,1091,665.0,24.0,3.84967919340055
Burnet,30,1094,1357.0,60.0,2.742230347349177
Caldwell,49,1091,1836.0,65.0,4.491292392300641
Calhoun,65,1093,230.0,28.0,5.946935041171089
Callahan,46,1081,276.0,16.0,4.25531914893617
Cameron,30,1100,7634.0,638.0,2.727272727272727
Camp,22,1087,153.0,20.0,2.02391904323827
Carson,35,1070,278.0,8.0,3.2710280373831773
Cass,45,1099,365.0,40.0,4.094631483166515
Castro,79,1098,284.0,8.0,7.194899817850637
Chambers,103,1095,648.0,44.0,9.406392694063927
Cherokee,67,1092,928.0,40.0,6.135531135531135
Childress,82,1069,599.0,8.0,7.670720299345183
Clay,87,1087,83.0,8.0,8.003679852805888
Cochran,63,1065,95.0,4.0,5.915492957746479
Coke,70,1053,129.0,4.0,6.647673314339982
Coleman,64,1056,91.0,8.0,6.0606060606060606
Collin,39,1110,5736.0,1192.25,3.5135135135135136
Collingsworth,52,1053,71.0,4.0,4.938271604938271
Colorado,27,1087,106.0,24.0,2.483900643974241
Comal,26,1095,3349.0,224.0,2.374429223744292
Comanche,90,1087,144.0,12.0,8.27966881324747
Concho,77,1078,79.0,4.0,7.142857142857142
Cooke,50,1078,265.0,36.0,4.638218923933209
Coryell,61,1094,2432.0,72.0,5.575868372943328
Cottle,170,1061,46.0,0.0,16.022620169651272
Crane,42,1100,229.0,8.0,3.8181818181818183
Crockett,101,1022,176.0,4.0,9.882583170254403
Crosby,60,1081,321.0,8.0,5.550416281221091
Culberson,228,1007,23.0,0.0,22.641509433962266
Dallam,71,1081,389.0,8.0,6.567992599444958
Dallas,39,1109,15202.0,3187.0,3.5166816952209197
Dawson,111,1090,73.0,12.0,10.18348623853211
DeWitt,107,1100,2104.0,12.0,9.727272727272727
Deaf Smith,23,1098,388.0,32.0,2.0947176684881605
Delta,87,1080,7842.0,4.0,8.055555555555555
Denton,32,1104,43014.0,1108.0,2.898550724637681
Dickens,227,1080,41.0,0.0,21.01851851851852
Dimmit,91,1077,149.0,20.0,8.449396471680593
Donley,70,1086,101.0,4.0,6.445672191528545
Duval,50,1074,82.0,20.0,4.655493482309125
Eastland,48,1094,213.0,16.0,4.387568555758683
Ector,66,1090,1848.0,191.0,6.055045871559633
Edwards,209,1002,33.0,0.0,20.85828343313373
El Paso,60,1106,3938.0,1062.0,5.424954792043399
Ellis,58,1102,1199.0,243.0,5.263157894736842
Erath,59,1094,721.0,40.0,5.393053016453382
Falls,53,1095,574.0,16.0,4.840182648401827
Fannin,70,1099,199.0,32.0,6.369426751592357
Fayette,30,1094,466.0,24.0,2.742230347349177
Fisher,50,1043,28.0,4.0,4.793863854266539
Floyd,50,1080,249.0,8.0,4.62962962962963
Foard,139,987,24.0,0.0,14.083080040526848
Fort Bend,24,1115,9035.0,1242.0,2.1524663677130045
Franklin,41,1090,121.0,12.0,3.761467889908257
Freestone,38,1073,736.0,16.0,3.5414725069897486
Frio,53,1080,1271.0,32.0,4.907407407407407
Gaines,120,1094,59.0,8.0,10.968921389396709
Galveston,29,1106,4277.0,572.0,2.6220614828209765
Garza,79,1058,199.0,4.0,7.466918714555766
Gillespie,64,1086,240.0,24.0,5.893186003683241
Glasscock,152,1058,44.0,0.0,14.366729678638942
Goliad,94,1086,189.0,4.0,8.655616942909761
Gonzales,60,1087,269.0,20.0,5.519779208831647
Gray,51,1087,669.0,28.0,4.6918123275068995
Grayson,89,1095,1488.0,100.0,8.12785388127854
Gregg,80,1108,847.0,100.0,7.2202166064981945
Grimes,36,1094,1164.0,40.0,3.2906764168190126
Guadalupe,58,1094,1587.0,192.0,5.301645338208409
Hale,75,1094,157.0,48.0,6.855575868372943
Hall,70,1038,157.0,4.0,6.74373795761079
Hamilton,64,1081,95.0,8.0,5.920444033302498
Hansford,58,1081,248.0,8.0,5.365402405180388
Hardeman,226,1035,44.0,0.0,21.835748792270532
Hardin,63,1094,996.0,56.0,5.7586837294332724
Harris,37,1114,75982.0,4830.0,3.321364452423698
Harrison,45,1092,596.0,73.0,4.1208791208791204
Hartley,81,1068,165.0,4.0,7.584269662921349
Haskell,64,1043,106.0,4.0,6.136145733461169
Hays,59,1105,1441.0,340.0,5.339366515837104
Hemphill,98,1084,118.0,4.0,9.040590405904059
Henderson,73,1090,562.0,71.0,6.697247706422019
Hidalgo,16,1095,11157.0,1424.0,1.461187214611872
Hill,39,1089,1498.0,36.0,3.581267217630854
Hockley,53,1099,1065.0,36.0,4.822565969062785
Hood,57,1092,827.0,60.0,5.21978021978022
Hopkins,32,1094,970.0,40.0,2.9250457038391224
Houston,43,1069,366.0,24.0,4.022450888681011
Howard,53,1078,1304.0,32.0,4.916512059369202
Hudspeth,70,1032,191.0,4.0,6.782945736434108
Hunt,59,1094,385.0,88.0,5.393053016453382
Hutchinson,70,1084,1041.0,25.0,6.4575645756457565
Irion,32,1025,29.0,4.0,3.1219512195121952
Jack,52,1079,47.0,8.0,4.819277108433735
Jackson,70,1093,87.0,16.0,6.404391582799635
Jasper,59,1086,1098.0,32.0,5.432780847145488
Jeff Davis,149,1001,13.0,0.0,14.885114885114886
Jefferson,9,1095,1643.0,390.0,0.821917808219178
Jim Hogg,106,1065,140.0,8.0,9.953051643192488
Jim Wells,33,1086,470.0,67.25,3.0386740331491713
Johnson,48,1100,902.0,236.0,4.363636363636364
Jones,61,1080,790.0,20.0,5.648148148148148
Karnes,63,1093,181.0,28.0,5.763952424519671
Kaufman,42,1094,911.0,199.0,3.8391224862888484
Kendall,58,1094,482.0,40.0,5.301645338208409
Kenedy,75,994,7.0,0.0,7.5452716297786715
Kent,125,983,16.0,0.0,12.71617497456765
Kerr,72,1087,489.0,40.0,6.6237350505979755
Kimble,59,1050,53.0,4.0,5.6190476190476195
King,38,892,9.0,0.0,4.260089686098654
Kinney,43,1028,58.0,4.0,4.182879377431906
Kleberg,39,1090,322.0,44.0,3.577981651376147
Knox,212,1081,31.0,0.0,19.611470860314522
La Salle,74,1072,218.0,8.0,6.902985074626866
Lamar,120,1094,1210.0,36.0,10.968921389396709
Lamb,50,1091,605.0,20.0,4.582951420714941
Lampasas,61,1085,628.0,20.0,5.622119815668203
Lavaca,58,1101,252.0,20.0,5.267938237965486
Lee,52,1086,372.0,20.0,4.788213627992634
Leon,38,1089,507.0,16.0,3.489439853076217
Liberty,24,1094,888.0,111.0,2.1937842778793417
Limestone,44,1094,789.0,24.0,4.021937842778794
Lipscomb,44,1060,53.0,4.0,4.150943396226415
Live Oak,120,1087,123.0,4.0,11.039558417663294
Llano,36,1094,350.0,24.0,3.2906764168190126
Loving,167,857,15.0,0.0,19.486581096849477
Lubbock,38,1102,3699.0,549.0,3.4482758620689653
Lynn,114,1091,55.0,4.0,10.449129239230064
Madison,41,1079,608.0,16.0,3.7998146431881374
Marion,56,1072,93.0,8.0,5.223880597014925
Martin,26,1093,185.0,8.0,2.3787740164684354
Mason,74,1084,51.0,4.0,6.826568265682657
Matagorda,32,1103,262.0,49.0,2.901178603807797
Maverick,80,1094,1186.0,80.0,7.312614259597806
McCulloch,48,1079,108.0,8.0,4.448563484708063
McLennan,42,1101,1276.0,352.0,3.8147138964577656
McMullen,120,983,10.0,0.0,12.207527975584945
Medina,61,1101,666.0,52.0,5.540417801998183
Menard,36,1005,20.0,4.0,3.582089552238806
Midland,42,1098,1699.0,219.0,3.825136612021858
Milam,78,1094,357.0,20.0,7.129798903107861
Mills,85,1039,144.0,4.0,8.180943214629451
Mitchell,122,1081,559.0,4.0,11.285846438482887
Montague,80,1092,116.0,20.0,7.326007326007327
Montgomery,45,1109,5397.0,776.0,4.05770964833183
Moore,38,1089,621.0,28.0,3.489439853076217
Morris,32,1096,158.0,16.0,2.9197080291970803
Motley,140,1075,39.0,0.0,13.023255813953488
Nacogdoches,44,1093,684.0,65.0,4.025617566331198
Navarro,48,1092,431.0,64.0,4.395604395604396
Newton,127,1087,237.0,4.0,11.683532658693652
Nolan,89,1064,109.0,12.0,8.364661654135338
Nueces,33,1095,2574.0,567.0,3.0136986301369864
Ochiltree,42,1064,155.0,12.0,3.9473684210526314
Oldham,249,1098,57.0,0.0,22.6775956284153
Orange,78,1094,1435.0,59.0,7.129798903107861
Palo Pinto,57,1086,204.0,32.0,5.248618784530387
Panola,50,1086,281.0,24.0,4.6040515653775325
Parker,58,1095,1150.0,164.0,5.296803652968037
Parmer,33,1069,218.0,12.0,3.086997193638915
Pecos,36,1082,187.0,20.0,3.3271719038817005
Polk,109,1090,238.0,27.0,10.0
Potter,46,1098,1057.0,211.0,4.189435336976321
Presidio,71,1033,85.0,4.0,6.873184898354308
Rains,90,1078,126.0,8.0,8.348794063079778
Randall,46,1092,1732.0,208.0,4.212454212454213
Reagan,68,1031,114.0,4.0,6.595538312318137
Real,68,1022,50.0,4.0,6.653620352250488
Red River,55,1072,87.0,12.0,5.130597014925374
Reeves,54,1050,571.0,24.0,5.142857142857142
Refugio,78,1054,67.0,8.0,7.400379506641366
Roberts,118,1072,12.0,0.0,11.007462686567164
Robertson,40,1094,685.0,20.0,3.656307129798903
Rockwall,62,1093,1028.0,124.0,5.672461116193961
Runnels,51,1060,228.0,12.0,4.811320754716982
Rusk,42,1101,748.0,56.0,3.8147138964577656
Sabine,84,1079,171.0,4.0,7.784986098239111
San Augustine,95,1087,45.0,4.0,8.73965041398344
San Jacinto,43,1090,662.0,28.0,3.9449541284403673
San Patricio,85,1094,2048.0,51.0,7.769652650822668
San Saba,90,1039,129.0,4.0,8.662175168431183
Schleicher,39,1014,71.0,4.0,3.8461538461538463
Scurry,73,1079,252.0,24.0,6.765523632993513
Shackelford,46,1051,278.0,4.0,4.376784015223597
Shelby,38,1092,322.0,24.0,3.47985347985348
Sherman,205,1072,112.0,0.0,19.12313432835821
Smith,57,1106,1635.0,252.0,5.15370705244123
Somervell,62,1018,242.0,8.0,6.090373280943026
Starr,48,1092,1111.0,113.0,4.395604395604396
Stephens,61,1078,167.0,8.0,5.658627087198516
Sterling,160,953,40.0,0.0,16.789087093389295
Stonewall,173,979,23.0,0.0,17.67109295199183
Sutton,61,1008,95.0,4.0,6.051587301587301
Swisher,43,1090,319.0,8.0,3.9449541284403673
Tarrant,46,1109,13147.0,2856.0,4.147880973850315
Taylor,59,1092,1711.0,176.0,5.402930402930403
Terrell,95,1004,14.0,0.0,9.46215139442231
Terry,120,1094,99.0,8.0,10.968921389396709
Throckmorton,129,994,50.0,0.0,12.977867203219315
Titus,25,1085,390.0,52.0,2.3041474654377883
Tom Green,76,1094,1851.0,172.0,6.946983546617916
Travis,43,1106,22795.0,1199.25,3.887884267631103
Trinity,33,1084,228.0,16.0,3.044280442804428
Tyler,91,1084,480.0,17.0,8.394833948339484
Upshur,53,1099,663.0,36.0,4.822565969062785
Upton,62,1008,131.0,4.0,6.15079365079365
Uvalde,68,1092,296.0,40.0,6.227106227106227
Val Verde,88,1093,373.0,56.0,8.051235132662397
Van Zandt,84,1100,436.0,45.0,7.636363636363637
Victoria,52,1095,1883.0,104.0,4.748858447488584
Walker,54,1094,2112.0,93.0,4.93601462522852
Waller,24,1090,276.0,58.0,2.2018348623853212
Ward,54,1035,235.0,16.0,5.217391304347826
Washington,31,1091,1535.0,40.0,2.841429880843263
Webb,60,1101,3057.0,416.0,5.449591280653951
Wharton,28,1094,252.0,57.0,2.5594149908592323
Wheeler,87,1066,106.0,4.0,8.161350844277674
Wichita,151,1101,2364.0,56.0,13.71480472297911
Wilbarger,71,1074,240.0,16.0,6.610800744878957
Willacy,21,1092,300.0,45.0,1.9230769230769231
Williamson,66,1101,4971.0,668.0,5.994550408719346
Wilson,62,1094,307.0,48.0,5.6672760511883
Winkler,34,1078,125.0,12.0,3.153988868274583
Wise,78,1089,543.0,68.0,7.162534435261708
Wood,68,1087,687.0,36.0,6.2557497700092
Yoakum,120,1070,55.0,4.0,11.214953271028037
Young,35,1092,113.0,24.0,3.205128205128205
Zapata,78,1082,256.0,16.0,7.208872458410351
Zavala,105,1071,170.0,12.0,9.803921568627452
